<?xml version="1.0" encoding="ISO-8859-1"?>
<NetSim_Metrics>
 <!--NETSIM_METRICS-->
 <MENU Name="Link_Metrics">
  <TABLE name="Link_Metrics">
   <TH name="Link_id" isShow="true"/>
   <TH name="Link_throughput_plot" isShow="true"/>
   <TH name="Packet_transmitted" isShow="true">
    <TH name="Data"/>
    <TH name="Control"/>
   </TH>
   <TH name="Packet_errored" isShow="true">
    <TH name="Data"/>
    <TH name="Control"/>
   </TH>
   <TH name="Packet_collided" isShow="true">
    <TH name="Data"/>
    <TH name="Control"/>
   </TH>
   <TH name="Bytes_transmitted(bytes)" isShow="false"/>
   <TH name="Payload_transmitted(bytes)" isShow="false"/>
   <TH name="Overhead_transmitted(bytes)" isShow="false"/>
   <TR>
    <TC Value="All"/>
    <TC Value="NA"/>
    <TC Value="39712"/>
    <TC Value="421"/>
    <TC Value="0"/>
    <TC Value="0"/>
    <TC Value="0"/>
    <TC Value="0"/>
    <TC Value="200129"/>
    <TC Value="198025"/>
    <TC Value="2104"/>
   </TR>
   <TR>
    <TC Value="1"/>
    <TC Value="NA"/>
    <TC Value="39712"/>
    <TC Value="421"/>
    <TC Value="0"/>
    <TC Value="0"/>
    <TC Value="0"/>
    <TC Value="0"/>
    <TC Value="200129"/>
    <TC Value="198025"/>
    <TC Value="2104"/>
   </TR>
  </TABLE>
 </MENU>
 <MENU Name="Queue_Metrics">
  <TABLE name="Queue_Metrics">
   <TH name="Device_id" isShow="true"/>
   <TH name="Port_id" isShow="true"/>
   <TH name="Queued_packet" isShow="true"/>
   <TH name="Dequeued_packet" isShow="true"/>
   <TH name="Dropped_packet" isShow="true"/>
   <TR>
    <TC Value="1"/>
    <TC Value="1"/>
    <TC Value="5100"/>
    <TC Value="137"/>
    <TC Value="0"/>
   </TR>
   <TR>
    <TC Value="2"/>
    <TC Value="1"/>
    <TC Value="100"/>
    <TC Value="100"/>
    <TC Value="0"/>
   </TR>
  </TABLE>
 </MENU>
 <MENU Name="TCP_Metrics">
  <TABLE name="TCP_Metrics">
   <TH name="Source" isShow="true"/>
   <TH name="Destination" isShow="true"/>
   <TH name="Local Address" isShow="false"/>
   <TH name="Remote Address" isShow="false"/>
   <TH name="Syn Sent" isShow="false"/>
   <TH name="Syn-Ack Sent" isShow="false"/>
   <TH name="Segment Sent" isShow="true"/>
   <TH name="Segment Received" isShow="true"/>
   <TH name="Segment Retransmitted" isShow="false"/>
   <TH name="Ack Sent" isShow="true"/>
   <TH name="Ack Received" isShow="true"/>
   <TH name="Duplicate segment received" isShow="false"/>
   <TH name="Out of order segment received" isShow="false"/>
   <TH name="Duplicate ack received" isShow="true"/>
   <TH name="Times RTO expired" isShow="false"/>
   <TR>
    <TC Value="RADIO_1"/>
    <TC Value="ANY_DEVICE"/>
    <TC Value="11.1.1.1:0"/>
    <TC Value="0.0.0.0:0"/>
    <TC Value="0"/>
    <TC Value="0"/>
    <TC Value="0"/>
    <TC Value="0"/>
    <TC Value="0"/>
    <TC Value="0"/>
    <TC Value="0"/>
    <TC Value="0"/>
    <TC Value="0"/>
    <TC Value="0"/>
    <TC Value="0"/>
   </TR>
   <TR>
    <TC Value="RADIO_2"/>
    <TC Value="ANY_DEVICE"/>
    <TC Value="11.1.1.2:0"/>
    <TC Value="0.0.0.0:0"/>
    <TC Value="0"/>
    <TC Value="0"/>
    <TC Value="0"/>
    <TC Value="0"/>
    <TC Value="0"/>
    <TC Value="0"/>
    <TC Value="0"/>
    <TC Value="0"/>
    <TC Value="0"/>
    <TC Value="0"/>
    <TC Value="0"/>
   </TR>
  </TABLE>
 </MENU>
 <MENU Name="IP_Metrics">
  <TABLE name="IP_Metrics">
   <TH name="Device Id" isShow="true"/>
   <TH name="Packet sent" isShow="true"/>
   <TH name="Packet forwarded" isShow="true"/>
   <TH name="Packet received" isShow="true"/>
   <TH name="Packet discarded" isShow="false"/>
   <TH name="TTL expired" isShow="false"/>
   <TH name="Firewall blocked" isShow="false"/>
   <TR>
    <TC Value="1"/>
    <TC Value="5100"/>
    <TC Value="0"/>
    <TC Value="0"/>
    <TC Value="0"/>
    <TC Value="0"/>
    <TC Value="0"/>
   </TR>
   <TR>
    <TC Value="2"/>
    <TC Value="100"/>
    <TC Value="0"/>
    <TC Value="133"/>
    <TC Value="0"/>
    <TC Value="0"/>
    <TC Value="0"/>
   </TR>
  </TABLE>
 </MENU>
 <MENU Name="IP_Forwarding_Table">
  <MENU Name="RADIO_1">
   <TABLE name="RADIO_1">
    <TH name="Network Destination" isShow="true"/>
    <TH name="Netmask/Prefix len" isShow="true"/>
    <TH name="Gateway" isShow="true"/>
    <TH name="Interface" isShow="true"/>
    <TH name="Metrics" isShow="false"/>
    <TH name="Type" isShow="false"/>
    <TR>
     <TC Value="11.1.0.0"/>
     <TC Value="255.255.0.0"/>
     <TC Value="on-link"/>
     <TC Value="11.1.1.1 "/>
     <TC Value="300"/>
     <TC Value="LOCAL"/>
    </TR>
    <TR>
     <TC Value="224.0.0.1"/>
     <TC Value="255.255.255.255"/>
     <TC Value="on-link"/>
     <TC Value="11.1.1.1 "/>
     <TC Value="306"/>
     <TC Value="MULTICAST"/>
    </TR>
    <TR>
     <TC Value="224.0.0.0"/>
     <TC Value="240.0.0.0"/>
     <TC Value="on-link"/>
     <TC Value="11.1.1.1 "/>
     <TC Value="306"/>
     <TC Value="MULTICAST"/>
    </TR>
    <TR>
     <TC Value="255.255.255.255"/>
     <TC Value="255.255.255.255"/>
     <TC Value="on-link"/>
     <TC Value="11.1.1.1 "/>
     <TC Value="999"/>
     <TC Value="BROADCAST"/>
    </TR>
   </TABLE>
  </MENU>
  <MENU Name="RADIO_2">
   <TABLE name="RADIO_2">
    <TH name="Network Destination" isShow="true"/>
    <TH name="Netmask/Prefix len" isShow="true"/>
    <TH name="Gateway" isShow="true"/>
    <TH name="Interface" isShow="true"/>
    <TH name="Metrics" isShow="false"/>
    <TH name="Type" isShow="false"/>
    <TR>
     <TC Value="11.1.0.0"/>
     <TC Value="255.255.0.0"/>
     <TC Value="on-link"/>
     <TC Value="11.1.1.2 "/>
     <TC Value="300"/>
     <TC Value="LOCAL"/>
    </TR>
    <TR>
     <TC Value="224.0.0.1"/>
     <TC Value="255.255.255.255"/>
     <TC Value="on-link"/>
     <TC Value="11.1.1.2 "/>
     <TC Value="306"/>
     <TC Value="MULTICAST"/>
    </TR>
    <TR>
     <TC Value="224.0.0.0"/>
     <TC Value="240.0.0.0"/>
     <TC Value="on-link"/>
     <TC Value="11.1.1.2 "/>
     <TC Value="306"/>
     <TC Value="MULTICAST"/>
    </TR>
    <TR>
     <TC Value="255.255.255.255"/>
     <TC Value="255.255.255.255"/>
     <TC Value="on-link"/>
     <TC Value="11.1.1.2 "/>
     <TC Value="999"/>
     <TC Value="BROADCAST"/>
    </TR>
   </TABLE>
  </MENU>
 </MENU>
 <MENU Name="UDP Metrics">
  <TABLE name="UDP Metrics">
   <TH name="Device id" isShow="true"/>
   <TH name="Local address" isShow="true"/>
   <TH name="Foreign address" isShow="true"/>
   <TH name="Datagram sent" isShow="true"/>
   <TH name="Datagram received" isShow="true"/>
   <TR>
    <TC Value="1"/>
    <TC Value="11.1.1.1:82"/>
    <TC Value="11.1.1.2:36934"/>
    <TC Value="5000"/>
    <TC Value="0"/>
   </TR>
   <TR>
    <TC Value="2"/>
    <TC Value="11.1.1.2:36934"/>
    <TC Value="11.1.1.1:82"/>
    <TC Value="0"/>
    <TC Value="133"/>
   </TR>
  </TABLE>
 </MENU>
 <MENU Name="AODV Metrics">
  <TABLE name="AODV Metrics">
   <TH name="Device Id" isShow="true"/>
   <TH name="RREQ Sent" isShow="true"/>
   <TH name="RREQ forwarded" isShow="false"/>
   <TH name="RREP sent" isShow="false"/>
   <TH name="RREP forwarded" isShow="false"/>
   <TH name="RERR sent" isShow="false"/>
   <TH name="RERR forwarded" isShow="false"/>
   <TH name="Packet originated" isShow="false"/>
   <TH name="packet transmitted" isShow="false"/>
   <TH name="packet dropped" isShow="false"/>
   <TR>
    <TC Value="1"/>
    <TC Value="1"/>
    <TC Value="0"/>
    <TC Value="0"/>
    <TC Value="0"/>
    <TC Value="0"/>
    <TC Value="0"/>
    <TC Value="5000"/>
    <TC Value="5000"/>
    <TC Value="0"/>
   </TR>
   <TR>
    <TC Value="2"/>
    <TC Value="0"/>
    <TC Value="0"/>
    <TC Value="1"/>
    <TC Value="0"/>
    <TC Value="0"/>
    <TC Value="0"/>
    <TC Value="0"/>
    <TC Value="0"/>
    <TC Value="0"/>
   </TR>
  </TABLE>
 </MENU>
 <MENU Name="Application_Metrics">
  <TABLE name="Application_Metrics">
   <TH name="Application Id" isShow="true"/>
   <TH name="Application Name" isShow="true"/>
   <TH name="Source Id" isShow="false"/>
   <TH name="Destination Id" isShow="false"/>
   <TH name="Packet generated" isShow="true"/>
   <TH name="Packet received" isShow="true"/>
   <TH name="Payload generated (bytes)" isShow="false"/>
   <TH name="Payload received (bytes)" isShow="false"/>
   <TH name="Throughput (Mbps)" isShow="true"/>
   <TH name="Delay(microsec)" isShow="true"/>
   <TH name="Jitter(microsec)" isShow="true"/>
   <TR>
    <TC Value="1"/>
    <TC Value="App1_CBR"/>
    <TC Value="1"/>
    <TC Value="2"/>
    <TC Value="5000"/>
    <TC Value="133"/>
    <TC Value="7300000"/>
    <TC Value="194180"/>
    <TC Value="0.015534"/>
    <TC Value="49053044.537321"/>
    <TC Value="730959.846394"/>
   </TR>
  </TABLE>
 </MENU>
<MENU Name="Plots">
 <MENU Name="TotalLoss_vs_Time">
  <MENU Name="TotalLoss_RADIO_1_IF1_RADIO_2_IF1">
   <PLOT data_file_name="C:\Users\MYPC~1\AppData\Local\Temp\NetSim/pro13.0.29_x64/\plot_TotalLoss_RADIO_1_IF1_RADIO_2_IF1.txt" name="TotalLoss_RADIO_1_IF1_RADIO_2_IF1"/>
  </MENU>
  <MENU Name="TotalLoss_RADIO_2_IF1_RADIO_1_IF1">
   <PLOT data_file_name="C:\Users\MYPC~1\AppData\Local\Temp\NetSim/pro13.0.29_x64/\plot_TotalLoss_RADIO_2_IF1_RADIO_1_IF1.txt" name="TotalLoss_RADIO_2_IF1_RADIO_1_IF1"/>
  </MENU>
 </MENU>
 <MENU Name="PathLoss_vs_Time">
  <MENU Name="PathLoss_RADIO_1_IF1_RADIO_2_IF1">
   <PLOT data_file_name="C:\Users\MYPC~1\AppData\Local\Temp\NetSim/pro13.0.29_x64/\plot_PathLoss_RADIO_1_IF1_RADIO_2_IF1.txt" name="PathLoss_RADIO_1_IF1_RADIO_2_IF1"/>
  </MENU>
  <MENU Name="PathLoss_RADIO_2_IF1_RADIO_1_IF1">
   <PLOT data_file_name="C:\Users\MYPC~1\AppData\Local\Temp\NetSim/pro13.0.29_x64/\plot_PathLoss_RADIO_2_IF1_RADIO_1_IF1.txt" name="PathLoss_RADIO_2_IF1_RADIO_1_IF1"/>
  </MENU>
 </MENU>
 <MENU Name="ShadowLoss_vs_Time">
  <MENU Name="ShadowLoss_RADIO_1_IF1_RADIO_2_IF1">
   <PLOT data_file_name="C:\Users\MYPC~1\AppData\Local\Temp\NetSim/pro13.0.29_x64/\plot_ShadowLoss_RADIO_1_IF1_RADIO_2_IF1.txt" name="ShadowLoss_RADIO_1_IF1_RADIO_2_IF1"/>
  </MENU>
  <MENU Name="ShadowLoss_RADIO_2_IF1_RADIO_1_IF1">
   <PLOT data_file_name="C:\Users\MYPC~1\AppData\Local\Temp\NetSim/pro13.0.29_x64/\plot_ShadowLoss_RADIO_2_IF1_RADIO_1_IF1.txt" name="ShadowLoss_RADIO_2_IF1_RADIO_1_IF1"/>
  </MENU>
 </MENU>
 <MENU Name="FadingLoss_vs_Time">
  <MENU Name="FadingLoss_RADIO_1_IF1_RADIO_2_IF1">
   <PLOT data_file_name="C:\Users\MYPC~1\AppData\Local\Temp\NetSim/pro13.0.29_x64/\plot_FadingLoss_RADIO_1_IF1_RADIO_2_IF1.txt" name="FadingLoss_RADIO_1_IF1_RADIO_2_IF1"/>
  </MENU>
  <MENU Name="FadingLoss_RADIO_2_IF1_RADIO_1_IF1">
   <PLOT data_file_name="C:\Users\MYPC~1\AppData\Local\Temp\NetSim/pro13.0.29_x64/\plot_FadingLoss_RADIO_2_IF1_RADIO_1_IF1.txt" name="FadingLoss_RADIO_2_IF1_RADIO_1_IF1"/>
  </MENU>
 </MENU>
 <MENU Name="Rx_Power_vs_Time">
  <MENU Name="Rx_Power_RADIO_1_IF1_RADIO_2_IF1">
   <PLOT data_file_name="C:\Users\MYPC~1\AppData\Local\Temp\NetSim/pro13.0.29_x64/\plot_Rx_Power_RADIO_1_IF1_RADIO_2_IF1.txt" name="Rx_Power_RADIO_1_IF1_RADIO_2_IF1"/>
  </MENU>
 </MENU>
 <MENU Name="BER_vs_Time">
  <MENU Name="BER_RADIO_1_IF1_RADIO_2_IF1">
   <PLOT data_file_name="C:\Users\MYPC~1\AppData\Local\Temp\NetSim/pro13.0.29_x64/\plot_BER_RADIO_1_IF1_RADIO_2_IF1.txt" name="BER_RADIO_1_IF1_RADIO_2_IF1"/>
  </MENU>
 </MENU>
 <MENU Name="SNR_vs_Time">
  <MENU Name="SNR_RADIO_1_IF1_RADIO_2_IF1">
   <PLOT data_file_name="C:\Users\MYPC~1\AppData\Local\Temp\NetSim/pro13.0.29_x64/\plot_SNR_RADIO_1_IF1_RADIO_2_IF1.txt" name="SNR_RADIO_1_IF1_RADIO_2_IF1"/>
  </MENU>
 </MENU>
</MENU>
</NetSim_Metrics>
